https://librarytechnology.org/libraries/public.pl?State=Delaware,Delaware,Bridgeville Public Library,https://librarytechnology.org/library/12244
https://librarytechnology.org/libraries/public.pl?State=Delaware,Delaware,Delaware City Public Library,https://librarytechnology.org/library/15974
https://librarytechnology.org/libraries/public.pl?State=Delaware,Delaware,Delmar Public Library,https://librarytechnology.org/library/12245
https://librarytechnology.org/libraries/public.pl?State=Delaware,Delaware,Dover Public Library,https://librarytechnology.org/library/2870
https://librarytechnology.org/libraries/public.pl?State=Delaware,Delaware,Frankford Public Library,https://librarytechnology.org/library/12246
https://librarytechnology.org/libraries/public.pl?State=Delaware,Delaware,Georgetown Public Library,https://librarytechnology.org/library/12247
https://librarytechnology.org/libraries/public.pl?State=Delaware,Delaware,Harrington Public Library,https://librarytechnology.org/library/12255
https://librarytechnology.org/libraries/public.pl?State=Delaware,Delaware,Kent County Public Library,https://librarytechnology.org/library/15976
https://librarytechnology.org/libraries/public.pl?State=Delaware,Delaware,Laurel Public Library,https://librarytechnology.org/library/12248
https://librarytechnology.org/libraries/public.pl?State=Delaware,Delaware,Lewes Public Library,https://librarytechnology.org/library/12249
https://librarytechnology.org/libraries/public.pl?State=Delaware,Delaware,Milford Public Library,https://librarytechnology.org/library/12250
https://librarytechnology.org/libraries/public.pl?State=Delaware,Delaware,Millsboro Public Library,https://librarytechnology.org/library/12251
https://librarytechnology.org/libraries/public.pl?State=Delaware,Delaware,New Castle County Libraries,https://librarytechnology.org/library/1653
https://librarytechnology.org/libraries/public.pl?State=Delaware,Delaware,Appoquinimink Public Library,https://librarytechnology.org/library/15977
https://librarytechnology.org/libraries/public.pl?State=Delaware,Delaware,Bear Public Library,https://librarytechnology.org/library/15978
https://librarytechnology.org/libraries/public.pl?State=Delaware,Delaware,Brandywine Hundred Branch Library,https://librarytechnology.org/library/15982
https://librarytechnology.org/libraries/public.pl?State=Delaware,Delaware,Claymont Public Library,https://librarytechnology.org/library/15981
https://librarytechnology.org/libraries/public.pl?State=Delaware,Delaware,Elsmere Public Library,https://librarytechnology.org/library/15984
https://librarytechnology.org/libraries/public.pl?State=Delaware,Delaware,Garfield Park Lending Library,https://librarytechnology.org/library/61238
https://librarytechnology.org/libraries/public.pl?State=Delaware,Delaware,Hockessin Public Library,https://librarytechnology.org/library/15980
https://librarytechnology.org/libraries/public.pl?State=Delaware,Delaware,Kirkwood Highway Public Library,https://librarytechnology.org/library/15979
https://librarytechnology.org/libraries/public.pl?State=Delaware,Delaware,New Castle Public Library,https://librarytechnology.org/library/15967
https://librarytechnology.org/libraries/public.pl?State=Delaware,Delaware,Newark Free Library,https://librarytechnology.org/library/15983
https://librarytechnology.org/libraries/public.pl?State=Delaware,Delaware,Woodlawn Library,https://librarytechnology.org/library/15972
https://librarytechnology.org/libraries/public.pl?State=Delaware,Delaware,Corbit Calloway Memorial Library,https://librarytechnology.org/library/15973
https://librarytechnology.org/libraries/public.pl?State=Delaware,Delaware,Rehoboth Beach Library,https://librarytechnology.org/library/12252
https://librarytechnology.org/libraries/public.pl?State=Delaware,Delaware,Seaford District Library,https://librarytechnology.org/library/12239
https://librarytechnology.org/libraries/public.pl?State=Delaware,Delaware,Selbyville Public Library,https://librarytechnology.org/library/12253
https://librarytechnology.org/libraries/public.pl?State=Delaware,Delaware,Smyrna Public Library,https://librarytechnology.org/library/15969
https://librarytechnology.org/libraries/public.pl?State=Delaware,Delaware,Sussex County Libraries,https://librarytechnology.org/library/12254
https://librarytechnology.org/libraries/public.pl?State=Delaware,Delaware,Greenwood Public Library,https://librarytechnology.org/library/12242
https://librarytechnology.org/libraries/public.pl?State=Delaware,Delaware,Milton Public Library,https://librarytechnology.org/library/12241
https://librarytechnology.org/libraries/public.pl?State=Delaware,Delaware,South Coastal Library,https://librarytechnology.org/library/12243
https://librarytechnology.org/libraries/public.pl?State=Delaware,Delaware,Wilmington Public Library,https://librarytechnology.org/library/1879
https://librarytechnology.org/libraries/public.pl?State=Delaware,Delaware,Labiblioteca Del Pueblo Library,https://librarytechnology.org/library/15970
https://librarytechnology.org/libraries/public.pl?State=Delaware,Delaware,North Wilmington Library,https://librarytechnology.org/library/15971
https://librarytechnology.org/libraries/public.pl?State=Arkansas,Arkansas,Stuttgart Public Library,https://librarytechnology.org/library/14708
https://librarytechnology.org/libraries/public.pl?State=Arkansas,Arkansas,Cleon Collier Memorial Library,https://librarytechnology.org/library/14710
https://librarytechnology.org/libraries/public.pl?State=Arkansas,Arkansas,Dewitt Public Library,https://librarytechnology.org/library/14709
https://librarytechnology.org/libraries/public.pl?State=Arkansas,Arkansas,Arkansas River Valley Regional Library,https://librarytechnology.org/library/14611
https://librarytechnology.org/libraries/public.pl?State=Arkansas,Arkansas,Boyd T. And Mollie Gattis Logan County Library,https://librarytechnology.org/library/14617
https://librarytechnology.org/libraries/public.pl?State=Arkansas,Arkansas,Charleston Public Library,https://librarytechnology.org/library/14614
https://librarytechnology.org/libraries/public.pl?State=Arkansas,Arkansas,Franklin County Library,https://librarytechnology.org/library/14615
https://librarytechnology.org/libraries/public.pl?State=Arkansas,Arkansas,Johnson County Public Library,https://librarytechnology.org/library/14613
https://librarytechnology.org/libraries/public.pl?State=Arkansas,Arkansas,Logan County Library,https://librarytechnology.org/library/14616
https://librarytechnology.org/libraries/public.pl?State=Arkansas,Arkansas,Yell County Library,https://librarytechnology.org/library/14612
https://librarytechnology.org/libraries/public.pl?State=Arkansas,Arkansas,Ashley County Library,https://librarytechnology.org/library/14673
https://librarytechnology.org/libraries/public.pl?State=Arkansas,Arkansas,Donald W. Reynolds Library,https://librarytechnology.org/library/2724
https://librarytechnology.org/libraries/public.pl?State=Arkansas,Arkansas,Gassville Branch Library,https://librarytechnology.org/library/14684
https://librarytechnology.org/libraries/public.pl?State=Arkansas,Arkansas,Bella Vista Public Library,https://librarytechnology.org/library/14712
https://librarytechnology.org/libraries/public.pl?State=Arkansas,Arkansas,Bentonville Public Library,https://librarytechnology.org/library/14682
https://librarytechnology.org/libraries/public.pl?State=Arkansas,Arkansas,Boone County Library,https://librarytechnology.org/library/5988
https://librarytechnology.org/libraries/public.pl?State=Arkansas,Arkansas,Calhoun County Public Library,https://librarytechnology.org/library/14735
https://librarytechnology.org/libraries/public.pl?State=Arkansas,Arkansas,Thornton Public Library,https://librarytechnology.org/library/14734
https://librarytechnology.org/libraries/public.pl?State=Arkansas,Arkansas,Carroll and Madison Library System,https://librarytechnology.org/library/29634
https://librarytechnology.org/libraries/public.pl?State=Arkansas,Arkansas,Berryville Public Library,https://librarytechnology.org/library/14719
https://librarytechnology.org/libraries/public.pl?State=Arkansas,Arkansas,Eureka Springs Carnegie Library,https://librarytechnology.org/library/14720
https://librarytechnology.org/libraries/public.pl?State=Arkansas,Arkansas,Green Forest Public Library,https://librarytechnology.org/library/14721
https://librarytechnology.org/libraries/public.pl?State=Arkansas,Arkansas,Huntsville Public Library,https://librarytechnology.org/library/14722
https://librarytechnology.org/libraries/public.pl?State=Arkansas,Arkansas,Kingston Community Library,https://librarytechnology.org/library/14723
https://librarytechnology.org/libraries/public.pl?State=Arkansas,Arkansas,St. Paul Public Library,https://librarytechnology.org/library/14724
https://librarytechnology.org/libraries/public.pl?State=Arkansas,Arkansas,Central Arkansas Library System,https://librarytechnology.org/library/27
https://librarytechnology.org/libraries/public.pl?State=Arkansas,Arkansas,Adolphine F. Terry Branch Library,https://librarytechnology.org/library/14553
https://librarytechnology.org/libraries/public.pl?State=Arkansas,Arkansas,Aerospace Library,https://librarytechnology.org/library/14557
https://librarytechnology.org/libraries/public.pl?State=Arkansas,Arkansas,Amy Sanders Branch Library,https://librarytechnology.org/library/14554
https://librarytechnology.org/libraries/public.pl?State=Arkansas,Arkansas,Dee Brown Branch Library,https://librarytechnology.org/library/14552
https://librarytechnology.org/libraries/public.pl?State=Arkansas,Arkansas,John Gould Fletcher Branch Library,https://librarytechnology.org/library/14551
https://librarytechnology.org/libraries/public.pl?State=Arkansas,Arkansas,Maumelle Public Library,https://librarytechnology.org/library/14558
https://librarytechnology.org/libraries/public.pl?State=Arkansas,Arkansas,Milam Library,https://librarytechnology.org/library/14556
https://librarytechnology.org/libraries/public.pl?State=Arkansas,Arkansas,Neighborhood Resource Center,https://librarytechnology.org/library/14560
https://librarytechnology.org/libraries/public.pl?State=Arkansas,Arkansas,Nixon Library,https://librarytechnology.org/library/14555
https://librarytechnology.org/libraries/public.pl?State=Arkansas,Arkansas,Sue Cowan Williams Library,https://librarytechnology.org/library/14559
https://librarytechnology.org/libraries/public.pl?State=Arkansas,Arkansas,Clark County Library,https://librarytechnology.org/library/14726
https://librarytechnology.org/libraries/public.pl?State=Arkansas,Arkansas,Cabe Public Library,https://librarytechnology.org/library/14727
https://librarytechnology.org/libraries/public.pl?State=Arkansas,Arkansas,Columbia County Library,https://librarytechnology.org/library/9752
https://librarytechnology.org/libraries/public.pl?State=Arkansas,Arkansas,Taylor Public Library,https://librarytechnology.org/library/14607
https://librarytechnology.org/libraries/public.pl?State=Arkansas,Arkansas,Conway County Library,https://librarytechnology.org/library/14677
https://librarytechnology.org/libraries/public.pl?State=Arkansas,Arkansas,Van Buren Public Library,https://librarytechnology.org/library/14718
https://librarytechnology.org/libraries/public.pl?State=Arkansas,Arkansas,Alma Public Library,https://librarytechnology.org/library/14714
https://librarytechnology.org/libraries/public.pl?State=Arkansas,Arkansas,Cedarville Public Library,https://librarytechnology.org/library/14715
https://librarytechnology.org/libraries/public.pl?State=Arkansas,Arkansas,Mountainburg Public Library,https://librarytechnology.org/library/14716
https://librarytechnology.org/libraries/public.pl?State=Arkansas,Arkansas,Mulberry Public Library,https://librarytechnology.org/library/14717
https://librarytechnology.org/libraries/public.pl?State=Arkansas,Arkansas,Crittenden County Library,https://librarytechnology.org/library/14685
https://librarytechnology.org/libraries/public.pl?State=Arkansas,Arkansas,Crawfordsville Branch Library,https://librarytechnology.org/library/14688
https://librarytechnology.org/libraries/public.pl?State=Arkansas,Arkansas,Earle Public Library,https://librarytechnology.org/library/14686
https://librarytechnology.org/libraries/public.pl?State=Arkansas,Arkansas,Edmondson Public Library,https://librarytechnology.org/library/14699
https://librarytechnology.org/libraries/public.pl?State=Arkansas,Arkansas,Gilmore Branch Library,https://librarytechnology.org/library/14687
https://librarytechnology.org/libraries/public.pl?State=Arkansas,Arkansas,Horseshoe Lake Branch Library,https://librarytechnology.org/library/14695
https://librarytechnology.org/libraries/public.pl?State=Arkansas,Arkansas,Crossett Public Library,https://librarytechnology.org/library/12117
https://librarytechnology.org/libraries/public.pl?State=Arkansas,Arkansas,Craighead County Jonesboro Public Library,https://librarytechnology.org/library/1449
https://librarytechnology.org/libraries/public.pl?State=Arkansas,Arkansas,Caraway Public Library,https://librarytechnology.org/library/12342
https://librarytechnology.org/libraries/public.pl?State=Arkansas,Arkansas,Goldsby Public Library,https://librarytechnology.org/library/12346
https://librarytechnology.org/libraries/public.pl?State=Arkansas,Arkansas,Kohn Memorial Library,https://librarytechnology.org/library/12344
https://librarytechnology.org/libraries/public.pl?State=Arkansas,Arkansas,Lepanto Public Library,https://librarytechnology.org/library/14605
https://librarytechnology.org/libraries/public.pl?State=Arkansas,Arkansas,Marked Tree Public Library,https://librarytechnology.org/library/12347
https://librarytechnology.org/libraries/public.pl?State=Arkansas,Arkansas,McAdams Public Library,https://librarytechnology.org/library/12343
https://librarytechnology.org/libraries/public.pl?State=Arkansas,Arkansas,Poinsett County Library,https://librarytechnology.org/library/12345
https://librarytechnology.org/libraries/public.pl?State=Arkansas,Arkansas,West Poinsett Memorial Library,https://librarytechnology.org/library/12348
https://librarytechnology.org/libraries/public.pl?State=Arkansas,Arkansas,East Central Arkansas Regional Library,https://librarytechnology.org/library/14670
https://librarytechnology.org/libraries/public.pl?State=Arkansas,Arkansas,Augusta / Woodruff County Library,https://librarytechnology.org/library/196730
